word,rank,sentence_count
also,94,524
need,130,603
year,144,620
around,147,753
same,150,816
both,154,865
use,155,588
state,156,140
between,159,592
each,163,825
lot,165,255
president,169,25
school,170,599
mean,173,709
since,180,920
used,183,698
part,185,537
few,187,805
against,190,678
doing,192,510
women,196,309
children,197,948
family,199,435
na,200,11
money,201,529
today,202,219
american,207,14
during,208,152
point,212,307
kind,213,842
different,214,275
end,215,741
show,216,495
god,217,367
feel,220,916
high,223,442
states,224,15
government,226,54
students,229,31
until,230,888
country,231,368
city,233,167
maybe,236,137
public,237,66
called,238,949
call,239,664
case,241,218
talk,242,768
times,247,644
actually,248,120
days,249,799
real,250,551
fact,251,342
care,254,808
number,255,79
less,257,234
second,259,417
important,261,131
hey,263,32
someone,264,128
trying,265,463
getting,266,571
change,267,296
week,268,425
however,270,462
business,272,394
everything,273,694
small,274,547
wanted,276,784
least,277,640
thank,279,336
power,281,200
group,282,53
four,283,542
having,285,518
name,286,815
war,288,233
information,289,26
problem,290,16
job,291,62
later,292,319
already,293,370
game,294,173
black,295,882
making,297,493
million,300,22
book,301,437
together,302,753
health,304,92
question,306,311
person,309,289
often,311,559
ago,312,588
past,314,376
social,315,44
news,316,367
bad,317,737
play,318,533
try,319,756
coming,320,858
company,321,225
others,322,459
side,323,695
team,324,10
read,325,500
whether,326,299
able,327,401
almost,328,794
political,329,13
live,330,649
law,332,146
become,333,247
start,334,188
saying,335,478
open,336,671
working,337,138
whole,338,647
support,339,23
stop,340,355
york,341,40
five,342,384
probably,343,170
among,345,681
using,346,46
idea,349,394
run,350,785
makes,351,373
early,352,308
else,353,775
including,354,10
study,355,149
john,356,665
understand,357,440
top,358,370
human,359,137
talking,361,386
free,362,271
along,363,864
within,364,251
history,365,76
several,368,284
line,369,174
ask,370,799
please,372,496
across,374,725
kids,375,10
car,376,23
behind,377,998
party,378,257
child,379,991
america,380,16
everyone,381,158
body,382,271
remember,383,604
example,384,51
sorry,385,469
hear,386,958
control,387,31
given,388,472
rather,389,956
means,390,231
started,393,514
office,394,113
True,395,576
wrong,397,346
months,398,183
friends,399,582
general,400,102
matter,401,749
move,402,171
education,403,43
food,404,328
either,407,377
happened,409,630
large,411,342
sense,413,223
center,414,11
pay,415,293
leave,416,707
order,417,236
music,418,248
pretty,419,943
taking,420,342
police,421,14
process,422,20
turn,423,550
comes,424,461
lost,425,623
future,427,83
court,428,107
table,429,469
half,430,917
close,431,426
hope,432,778
light,433,644
minutes,434,360
seems,435,381
parents,436,102
possible,437,254
reason,438,298
bit,439,577
experience,440,101
words,442,634
although,443,259
wait,444,470
according,447,39
air,448,627
full,449,791
deal,450,387
anyone,451,305
death,452,488
local,453,10
hours,454,213
thanks,455,101
stay,457,642
age,458,140
front,459,293
sometimes,460,479
instead,461,375
moment,462,869
living,463,315
college,464,147
needs,466,85
plan,468,200
dr,470,317
bring,471,602
level,472,33
major,473,56
washington,474,19
clear,475,327
bill,476,104
outside,477,274
service,478,140
friend,480,706
taken,481,500
perhaps,483,765
six,484,276
season,485,87
members,486,25
known,487,418
word,488,943
problems,489,18
cut,490,447
thinking,491,555
likely,493,232
street,494,157
son,496,626
themselves,498,368
late,499,351
inside,501,307
looks,502,310
especially,503,165
former,504,60
market,506,62
myself,508,860
nice,509,676
wife,510,866
finally,513,218
toward,514,131
military,515,16
fine,517,573
report,518,54
dead,519,649
hold,520,416
questions,521,165
special,522,48
baby,523,414
cause,524,170
south,525,116
phone,528,15
hit,531,82
north,532,158
lives,534,281
couple,535,85
rest,536,676
church,537,448
goes,538,276
red,539,930
class,540,108
development,541,10
act,542,115
above,543,306
figure,544,172
watch,545,360
middle,546,230
simply,547,203
happen,548,259
wants,549,214
sort,550,437
personal,551,31
running,552,279
needed,553,129
space,554,69
tried,555,659
form,556,126
easy,557,306
department,558,14
exactly,559,251
view,560,110
art,561,180
building,563,71
evidence,564,17
field,565,176
seem,566,430
ways,567,189
provide,568,13
energy,569,32
alone,570,820
ready,571,615
yourself,572,539
weeks,573,174
answer,574,421
became,575,341
happy,577,884
gets,578,152
reading,579,138
guess,581,416
certain,583,261
town,584,405
meet,585,356
longer,588,483
worked,589,175
itself,590,221
third,591,253
whatever,592,212
following,593,158
single,594,181
rights,595,31
stuff,597,102
short,599,388
takes,600,118
strong,601,379
per,602,14
force,603,51
brought,604,764
current,607,29
post,608,100
fire,609,526
science,610,11
society,611,109
bush,612,97
feet,613,625
works,614,43
month,615,174
road,618,548
interest,619,193
whose,620,289
david,621,193
chance,622,451
student,623,35
held,625,481
higher,626,59
oil,627,47
break,628,215
buy,629,156
west,630,326
attention,631,109
win,633,117
cost,635,84
dad,636,33
near,637,686
services,638,11
lead,639,133
sound,640,474
learn,641,270
points,642,38
ground,643,477
low,644,313
common,645,128
position,646,60
private,648,69
list,649,32
series,650,20
continue,651,26
hair,653,700
listen,654,268
land,655,320
test,656,30
stand,657,303
press,658,24
knows,660,419
certainly,661,486
share,662,146
nearly,663,317
result,664,73
further,665,187
action,666,39
fall,667,337
check,668,12
blood,669,243
shot,670,184
situation,671,53
everybody,674,472
difficult,675,82
medical,676,11
studies,677,21
model,679,46
games,680,37
killed,681,251
truth,682,363
county,683,13
vote,684,20
books,685,214
article,686,24
earth,687,329
schools,688,12
record,689,16
tonight,690,187
playing,691,171
terms,692,41
risk,694,73
husband,697,374
return,698,321
present,700,212
hell,701,29
key,702,81
kill,703,258
project,704,14
individual,705,10
nature,706,357
effect,707,116
shows,708,31
decision,710,42
forward,711,277
park,714,34
writing,715,127
similar,716,12
met,717,510
fight,720,290
fun,721,435
spent,722,180
step,723,236
wrote,724,239
feeling,726,507
teachers,727,12
dark,728,669
george,729,239
california,732,26
changes,733,42
wall,734,291
board,735,105
paper,736,224
cases,737,24
value,740,41
agree,741,67
recently,742,18
learning,743,66
price,744,90
color,745,62
natural,747,104
particular,748,138
sir,751,904
et,752,14
beyond,753,275
usually,754,93
significant,755,11
walk,756,396
summer,758,402
died,759,479
michael,760,119
entire,761,29
serious,762,72
ahead,763,98
rate,765,79
practice,767,45
east,768,127
earlier,770,26
beautiful,772,847
period,773,18
reported,774,23
simple,775,120
girls,776,820
drive,777,204
final,778,30
daughter,779,498
quickly,780,264
moved,781,196
language,782,57
p,784,89
race,785,93
hour,788,425
hot,789,263
brother,790,507
thus,791,240
jobs,792,12
meeting,793,209
sex,794,16
decided,795,240
kept,796,657
choice,797,73
type,798,18
c,799,27
election,800,11
interesting,801,154
note,802,152
ones,803,270
add,804,38
difference,805,129
speak,806,542
somebody,809,204
moving,810,90
led,811,311
write,812,290
b,814,36
knowledge,815,91
giving,816,153
bed,817,861
response,818,21
increase,819,11
de,822,114
sent,824,554
eat,826,701
china,827,59
despite,828,24
played,829,180
deep,830,329
stories,831,161
due,832,54
paul,833,335
offer,834,118
changed,835,230
beginning,836,263
begin,837,273
training,838,30
blue,839,597
st,840,199
approach,841,24
foreign,842,44
seven,843,228
performance,844,37
won,845,148
worth,847,275
floor,849,249
lower,850,87
miles,851,168
main,852,64
consider,853,71
picture,854,210
mark,855,156
kid,857,16
huge,858,113
supposed,859,102
hi,860,23
staff,861,45
physical,862,22
waiting,864,350
growth,865,14
cold,866,512
sit,867,430
written,868,187
expected,869,242
perfect,871,138
career,874,17
piece,875,253
watching,876,285
created,877,13
star,878,100
chief,879,98
sign,881,160
ability,882,10
teacher,883,145
doctor,885,501
amount,886,31
die,887,363
follow,888,278
pick,889,143
quality,890,14
learned,894,246
clearly,895,57
considered,896,113
page,897,99
telling,898,209
seeing,899,288
subject,900,108
paid,902,162
design,905,19
behavior,906,10
families,908,25
century,909,15
cover,910,91
attack,911,27
particularly,912,59
completely,913,64
eight,914,138
boys,915,709
numbers,916,15
fear,917,528
allow,918,94
success,919,131
hospital,921,33
calls,922,75
justice,923,63
save,924,265
bank,926,233
growing,927,192
member,928,37
james,929,131
cool,931,127
opportunity,932,56
size,933,63
expect,934,246
pass,937,224
treatment,939,17
trade,941,50
below,942,204
wish,943,908
sleep,945,532
spend,946,138
various,948,49
received,949,133
sun,950,602
trump,951,13
ten,952,355
j,953,19
nobody,954,546
romney,955,24
lose,956,215
dog,957,477
absolutely,958,38
safe,959,362
events,961,34
message,962,74
trust,964,187
married,965,564
anyway,966,186
effort,967,67
allowed,968,130
store,969,123
eye,970,383
judge,972,86
added,973,419
except,974,366
happens,975,81
plans,979,75
build,980,99
minute,981,436
rules,982,29
places,983,174
event,985,22
pain,986,223
image,987,36
indeed,988,669
necessary,989,95
hurt,990,368
term,991,28
sitting,992,635
fast,993,506
understanding,994,41
passed,995,525
committee,996,13
send,997,329
movement,998,33
original,1000,26
older,1001,138
religious,1002,24
source,1003,10
provided,1004,19
showed,1005,219
l,1006,21
jack,1007,564
starting,1009,48
helped,1010,171
none,1011,410
ideas,1012,35
union,1013,15
management,1014,11
address,1015,43
israel,1016,18
greater,1018,91
box,1019,264
sounds,1020,114
english,1021,149
range,1022,11
addition,1024,10
built,1025,128
gun,1027,156
tomorrow,1028,163
positive,1029,20
character,1030,63
complete,1031,41
content,1033,131
politics,1034,31
march,1038,215
meant,1039,477
born,1040,248
reality,1041,20
popular,1042,26
sister,1043,457
lack,1044,51
date,1046,25
credit,1047,51
robert,1048,108
trouble,1049,626
army,1050,66
sunday,1051,246
standing,1052,343
loss,1053,72
peace,1054,190
ball,1055,152
visit,1056,217
asking,1058,142
window,1059,596
throughout,1060,31
required,1061,21
account,1062,144
e,1063,48
district,1064,12
arms,1065,401
respect,1066,121
leaving,1067,232
scene,1068,125
therefore,1069,162
straight,1070,451
river,1071,474
search,1072,142
june,1073,58
loved,1076,448
ran,1077,776
lived,1078,601
disease,1079,17
reasons,1080,27
unless,1081,195
friday,1082,40
nor,1083,505
rock,1086,287
r,1087,52
daily,1089,60
reach,1090,171
stopped,1091,501
worse,1092,336
reports,1093,11
hello,1094,26
worry,1095,165
welcome,1096,176
heat,1098,53
followed,1099,452
lines,1100,59
related,1101,23
gives,1104,70
november,1105,46
coach,1106,36
forget,1107,436
explain,1109,88
marriage,1110,160
dollars,1111,92
statement,1112,12
onto,1114,16
fair,1115,343
weight,1118,60
crazy,1119,95
conditions,1120,14
song,1123,168
spending,1124,21
brain,1126,41
calling,1127,147
parts,1128,58
imagine,1129,189
favorite,1130,86
dinner,1131,508
professional,1132,11
tom,1134,574
caught,1135,573
professor,1136,72
july,1137,23
stage,1138,36
rich,1140,262
cup,1141,125
club,1142,91
teaching,1143,67
hate,1146,176
named,1147,67
modern,1148,17
violence,1153,12
mine,1154,449
stood,1155,865
talked,1157,291
leader,1158,43
efforts,1159,33
comment,1160,13
whom,1161,421
base,1162,14
crime,1163,27
wonder,1164,540
civil,1166,29
fish,1168,353
speech,1171,130
raised,1172,121
beat,1175,175
safety,1179,54
freedom,1180,55
opened,1181,395
clean,1182,215
bob,1183,93
letter,1184,459
eventually,1185,20
shut,1186,350
thousands,1187,25
increased,1188,20
bottom,1189,163
immediately,1191,113
walked,1192,555
player,1195,11
female,1196,10
protect,1197,24
europe,1198,41
skin,1199,151
interview,1205,34
sea,1207,595
october,1208,46
continued,1210,217
officer,1211,30
property,1212,40
holding,1213,147
touch,1214,147
developed,1215,14
effective,1217,12
island,1218,216
smith,1219,56
mouth,1220,433
interested,1221,114
previous,1223,24
directly,1226,66
afraid,1227,814
choose,1228,126
faith,1229,443
laws,1231,36
western,1232,37
dream,1233,338
ice,1234,116
la,1235,19
sell,1236,106
turns,1238,46
hall,1239,325
rule,1240,82
evening,1241,821
successful,1242,32
joe,1244,361
senior,1247,20
leading,1248,52
challenge,1249,12
suddenly,1250,565
saturday,1252,74
serve,1253,77
anybody,1255,321
willing,1256,111
reached,1258,547
critical,1259,13
council,1260,38
christian,1262,72
putting,1263,141
powerful,1264,46
september,1265,46
published,1266,16
trip,1267,57
photograph,1268,23
opinion,1269,162
fat,1270,327
easily,1271,172
secret,1272,310
sam,1273,96
funny,1274,228
grow,1276,257
pulled,1277,220
lord,1278,270
april,1279,17
speaking,1280,174
charge,1281,65
claim,1282,38
material,1284,25
fell,1285,725
realize,1286,66
fresh,1287,198
discussion,1288,21
bar,1291,50
doubt,1292,295
remain,1293,97
glass,1294,184
tough,1295,19
french,1296,83
walking,1298,180
compared,1301,37
generally,1303,69
larger,1304,42
finding,1305,114
mass,1306,35
capital,1308,61
biggest,1309,44
station,1310,134
quick,1311,236
closed,1312,171
concerned,1313,50
remains,1314,28
described,1315,29
neither,1317,358
conversation,1318,106
gold,1319,416
wide,1320,210
appear,1321,81
wind,1322,512
drink,1323,213
shown,1324,49
spring,1326,392
travel,1327,66
avoid,1328,32
track,1329,44
degree,1330,22
drugs,1331,12
fit,1333,186
pull,1335,125
style,1336,59
chinese,1337,16
hundred,1338,302
trial,1340,44
secretary,1341,16
lady,1343,920
offered,1344,141
surface,1346,36
league,1347,12
title,1349,31
mostly,1350,38
ai,1351,299
arm,1352,339
wonderful,1353,349
hearing,1354,120
enjoy,1355,187
rose,1357,745
kitchen,1358,358
images,1359,14
meaning,1360,112
influence,1361,54
stock,1363,34
jim,1365,322
appears,1366,20
purpose,1367,123
tree,1369,931
windows,1371,103
governor,1372,75
card,1373,28
british,1374,41
heavy,1378,231
amazing,1379,19
happening,1382,36
mary,1383,592
fighting,1384,100
direct,1385,27
coffee,1387,32
bought,1389,120
steps,1390,223
mission,1391,21
stars,1392,149
cell,1393,12
labor,1394,17
patient,1395,96
alive,1396,200
audience,1397,30
otherwise,1399,78
excuse,1400,95
argument,1401,28
nine,1403,102
murder,1404,34
names,1407,125
suggest,1408,24
hotel,1410,36
drop,1411,119
plant,1413,38
christmas,1414,230
highly,1416,28
monday,1418,89
failed,1419,120
text,1420,32
planning,1422,28
driving,1423,80
richard,1424,140
correct,1425,27
firm,1426,63
direction,1429,135
thinks,1430,198
concern,1431,32
independent,1432,29
served,1433,89
seat,1434,125
raise,1437,31
truly,1438,171
keeping,1439,148
journal,1440,18
football,1442,15
forced,1443,62
hill,1444,484
features,1445,43
details,1446,25
responsible,1447,27
apparently,1448,37
crisis,1450,11
rise,1451,96
spoke,1453,477
memory,1454,118
sold,1455,101
becomes,1456,30
release,1458,12
missing,1459,38
catch,1461,396
animals,1462,75
develop,1463,19
slow,1464,89
stupid,1465,121
weapons,1466,18
notes,1467,47
battle,1469,114
collection,1470,31
authority,1472,17
sick,1473,294
produce,1474,17
sweet,1475,535
worst,1477,154
presence,1479,122
trees,1480,413
european,1481,10
feels,1482,68
thomas,1483,166
folks,1484,369
watched,1486,358
wearing,1487,61
yesterday,1488,161
somewhere,1489,141
returned,1490,635
appeared,1491,305
join,1492,98
edge,1493,239
grew,1494,619
released,1495,16
ended,1496,122
debt,1497,30
carry,1498,364
extra,1499,47
speed,1501,66
leaves,1504,217
benefit,1505,22
latest,1506,16
intelligence,1509,12
spirit,1510,284
seriously,1511,69
lots,1514,107
runs,1515,58
prison,1516,79
w,1517,16
beach,1518,82
opening,1521,103
agreed,1522,173
dance,1523,162
regular,1525,80
pictures,1526,71
ride,1527,127
museum,1528,10
measure,1529,37
dangerous,1530,71
responsibility,1531,25
afternoon,1532,441
spot,1533,206
believed,1535,198
finished,1536,250
religion,1537,23
accept,1538,52
january,1539,11
tells,1540,78
require,1541,19
machine,1542,19
lie,1544,213
aware,1545,46
agreement,1546,10
band,1548,46
covered,1549,196
closer,1550,29
fully,1552,48
tuesday,1553,30
editor,1555,13
ship,1556,235
chris,1557,13
august,1559,59
chair,1560,213
bag,1561,138
lake,1563,128
caused,1564,72
block,1565,23
attempt,1566,50
promise,1567,288
mentioned,1568,57
realized,1569,94
homes,1570,39
smile,1572,395
ii,1574,36
decide,1576,75
broken,1577,297
helping,1578,71
knowing,1579,182
generation,1581,10
twice,1582,198
winter,1583,373
parties,1584,28
sky,1585,282
turning,1586,228
throw,1587,142
x,1589,32
receive,1590,63
corner,1591,340
setting,1592,96
apple,1594,158
threat,1595,16
filled,1596,315
largest,1597,24
slowly,1598,326
wear,1599,231
advice,1600,160
healthy,1601,21
easier,1605,102
hundreds,1606,42
smart,1607,224
path,1610,355
paying,1611,18
surprise,1612,309
camp,1613,82
notice,1614,180
william,1615,183
gay,1616,154
picked,1617,212
cash,1618,17
showing,1619,53
liked,1620,439
offers,1621,12
officers,1622,27
foot,1623,379
millions,1625,27
uses,1626,13
vision,1628,39
frank,1629,216
eating,1630,159
becoming,1631,63
mental,1632,26
progress,1633,20
task,1634,99
glad,1636,857
appropriate,1637,22
spread,1639,163
instance,1640,32
plants,1642,27
surprised,1644,263
warm,1645,318
grand,1647,112
broke,1648,296
protection,1649,15
quiet,1652,304
handle,1653,47
sides,1654,102
moral,1655,44
scale,1657,13
dropped,1660,302
train,1661,166
clothes,1662,273
library,1663,40
interests,1664,19
active,1665,22
push,1666,42
london,1667,32
steve,1668,23
changing,1670,42
weather,1671,118
animal,1674,79
improve,1675,23
demand,1676,33
strength,1677,189
mountain,1678,143
pieces,1679,170
condition,1680,67
distance,1681,179
towards,1682,320
africa,1683,20
starts,1686,13
possibly,1688,100
customers,1689,14
tiny,1691,126
writer,1692,40
lay,1693,766
impossible,1694,138
master,1695,599
foundation,1696,13
gotten,1697,17
teach,1698,173
concerns,1699,10
produced,1700,53
forms,1703,15
apartment,1704,24
survey,1706,15
count,1707,90
somehow,1708,244
exercise,1709,37
noted,1711,29
stone,1713,400
charles,1714,55
smaller,1715,49
bay,1716,68
wild,1717,354
mention,1718,81
guard,1719,92
losing,1720,45
thoughts,1721,201
birth,1723,45
partner,1724,27
prepared,1726,126
crowd,1727,85
doctors,1728,25
characters,1729,17
arts,1733,20
thursday,1734,28
suggested,1735,128
taught,1736,148
shape,1737,95
separate,1738,21
ah,1739,415
arrived,1740,196
balance,1741,23
seconds,1744,16
factor,1745,11
agent,1746,11
garden,1747,499
martin,1748,70
failure,1749,59
square,1752,87
younger,1754,86
announced,1756,81
native,1757,61
h,1758,31
measures,1759,10
worried,1760,120
advantage,1761,47
plays,1763,37
bigger,1764,94
killing,1765,38
strange,1766,400
slightly,1768,90
artist,1769,27
scott,1770,32
evil,1771,133
greatest,1773,106
neighborhood,1774,16
prevent,1775,57
finish,1777,92
apart,1778,68
legs,1779,350
honey,1781,55
double,1782,64
established,1783,18
method,1784,16
experiences,1785,12
prove,1788,75
host,1790,35
captain,1791,552
discovered,1792,201
cross,1793,276
familiar,1794,69
ourselves,1795,125
v,1798,50
bowl,1799,65
honor,1804,90
facts,1806,26
troops,1807,20
shooting,1808,30
listening,1810,122
lee,1812,20
anywhere,1814,165
streets,1815,51
december,1817,22
dry,1818,172
wednesday,1821,26
cook,1822,167
presented,1823,55
exist,1824,12
famous,1826,93
soldiers,1827,64
placed,1828,101
dress,1829,415
novel,1830,27
fourth,1831,98
favor,1833,46
lawyer,1834,22
bear,1837,591
snow,1838,422
plenty,1839,220
background,1840,18
abuse,1841,11
missed,1842,119
exchange,1843,33
views,1844,11
empty,1845,193
minister,1847,265
ed,1848,36
shop,1852,65
signed,1855,33
shared,1860,19
relations,1863,32
stick,1866,179
soul,1867,422
fellow,1868,529
terrible,1869,401
yards,1870,43
link,1871,13
thousand,1872,217
signs,1874,47
tend,1876,19
coast,1877,43
proud,1879,283
angry,1881,314
flight,1882,51
helps,1883,16
forever,1884,118
desire,1885,149
moon,1886,232
sad,1887,270
kinds,1888,46
extremely,1889,35
lucky,1890,82
storm,1893,137
regarding,1894,25
wine,1897,105
importance,1898,36
feelings,1899,143
appreciate,1900,17
heads,1901,232
letters,1902,202
suit,1905,188
lunch,1906,55
shoot,1907,79
van,1909,40
division,1910,10
salt,1911,70
literature,1912,11
driver,1913,17
aside,1914,128
wake,1915,117
medicine,1919,59
possibility,1920,14
joined,1923,98
luck,1924,142
bright,1925,371
mistake,1929,163
banks,1930,40
tired,1931,563
em,1933,254
recognize,1934,19
indian,1935,37
waste,1936,121
matters,1938,131
border,1939,18
match,1942,81
bet,1944,28
rain,1945,182
victory,1946,50
winning,1947,17
sees,1948,59
opportunities,1949,10
busy,1951,289
ben,1952,265
carried,1953,314
victims,1955,13
fox,1956,964
score,1958,42
breath,1959,378
harry,1960,63
unfortunately,1964,24
begins,1965,40
youth,1966,356
gift,1969,115
connection,1970,13
fly,1971,354
aid,1972,62
neck,1975,239
comfortable,1976,183
increasing,1977,12
forest,1978,699
mayor,1979,11
useful,1980,76
noticed,1981,169
boat,1982,338
entirely,1987,97
selling,1988,24
operation,1990,13
explained,1991,146
equal,1992,52
russian,1993,17
pages,1994,41
lights,1995,57
village,1996,245
williams,1997,17
stands,1999,49
england,2000,170
owner,2003,35
lies,2004,113
shoulder,2006,224
cast,2007,159
walls,2008,92
scores,2009,15
bringing,2010,116
boston,2011,29
lying,2012,247
understood,2013,165
proposed,2015,78
fan,2016,21
determined,2017,155
guide,2018,56
hole,2020,215
fingers,2021,118
ring,2022,235
valley,2023,250
managed,2024,89
henry,2025,58
farm,2028,174
cuts,2029,16
o,2030,543
taste,2031,138
expression,2033,167
figures,2035,35
blame,2036,148
bodies,2038,29
careful,2039,121
hang,2040,98
discuss,2042,27
domestic,2043,28
shoes,2044,135
pointed,2045,161
ass,2046,15
faces,2048,149
soft,2049,271
quarter,2050,58
wood,2052,504
universe,2053,15
german,2054,55
massive,2056,11
honest,2057,155
chicken,2058,65
gain,2059,32
northern,2060,17
excellent,2062,96
highest,2063,29
sugar,2064,70
supply,2065,37
enter,2068,96
yours,2071,235
germany,2072,30
buying,2073,15
dogs,2074,139
draw,2077,137
fix,2080,42
ends,2082,58
answers,2085,20
prime,2086,19
significantly,2087,10
experienced,2088,17
roll,2090,77
tea,2091,325
moments,2092,91
keeps,2093,73
eastern,2094,32
hoping,2096,107
canada,2098,28
believes,2099,21
serving,2104,10
committed,2105,15
planned,2106,56
stuck,2107,104
houses,2108,93
france,2109,34
brothers,2110,248
unlike,2111,37
fill,2113,122
reaction,2115,12
guilty,2117,58
pair,2118,185
beauty,2120,293
holy,2121,138
constitution,2122,13
grown,2123,348
magic,2124,149
everywhere,2125,92
remove,2127,17
drinking,2128,47
self,2129,171
shift,2132,18
treated,2133,72
communication,2135,10
besides,2136,305
extent,2139,13
horse,2140,590
leads,2141,24
previously,2142,15
opposite,2143,94
seek,2144,180
bridge,2146,153
songs,2148,49
argue,2149,24
assume,2150,11
scared,2151,105
wedding,2152,255
acting,2153,29
pushed,2154,94
treat,2155,53
confidence,2160,64
beer,2161,24
usual,2162,266
yellow,2163,295
grace,2164,109
occurred,2165,78
smoke,2166,96
gray,2168,329
newspaper,2170,37
likes,2171,155
don,2172,78
painting,2173,22
describe,2174,26
uncle,2176,864
forth,2177,258
hardly,2178,391
cards,2179,20
bunch,2182,45
map,2184,15
silver,2185,307
pounds,2186,36
victim,2187,18
considering,2188,31
passing,2190,94
carefully,2191,194
chest,2193,91
afford,2194,71
remained,2195,166
meat,2196,69
daddy,2198,51
ancient,2199,44
dan,2200,552
object,2202,89
fashion,2205,158
talks,2206,36
desk,2207,49
boss,2208,10
tony,2209,43
fired,2210,48
jump,2211,179
ought,2212,482
faster,2213,100
doors,2214,95
laugh,2215,487
tradition,2216,11
suspect,2217,68
intended,2218,72
rare,2219,47
pool,2220,366
accident,2221,78
accepted,2223,71
admit,2224,88
sight,2225,634
fields,2227,144
barely,2228,20
crew,2230,41
meanwhile,2231,127
charlie,2234,100
pattern,2235,33
moves,2236,16
circumstances,2238,55
somewhat,2239,142
rising,2240,83
struggle,2241,44
charged,2242,16
proper,2245,153
feature,2246,14
cat,2247,399
giant,2248,266
breaking,2249,87
sport,2250,34
removed,2251,53
thin,2254,183
grant,2256,94
False,2257,58
pop,2258,22
supported,2259,15
jeff,2260,26
saved,2261,148
remaining,2262,16
conducted,2264,10
contrast,2265,24
display,2266,22
brings,2267,52
nose,2268,361
weird,2269,18
falling,2270,102
adding,2272,26
ocean,2275,35
silence,2276,275
singing,2277,166
india,2278,35
tight,2280,91
solid,2281,42
golden,2285,386
danger,2286,218
stores,2287,17
merely,2290,114
k,2292,11
revealed,2293,28
request,2294,36
manner,2295,191
consequences,2296,26
facing,2299,15
guns,2300,59
smell,2301,92
offering,2303,31
pleasure,2304,268
metal,2305,10
fault,2306,166
suppose,2307,857
puts,2309,34
sets,2312,29
holds,2314,29
subjects,2315,53
birthday,2316,63
strike,2318,77
mix,2319,11
flow,2320,15
copy,2321,25
leg,2322,100
belief,2325,35
relative,2326,19
frequently,2327,24
dozen,2329,140
print,2330,35
reference,2333,13
flat,2334,132
excited,2335,151
donald,2336,33
mad,2337,191
estate,2338,28
observed,2340,115
stayed,2341,148
sarah,2345,42
seeking,2348,62
sale,2349,13
dreams,2350,222
powers,2351,53
tall,2352,337
harder,2355,93
ha,2356,28
louis,2357,12
paris,2358,39
buildings,2360,13
drew,2361,386
milk,2362,200
net,2365,34
flying,2366,210
recognized,2368,45
rice,2370,29
accounts,2371,35
davis,2372,52
joining,2373,10
articles,2375,10
literally,2377,10
existence,2379,54
attitude,2380,39
y,2381,107
entered,2385,217
reduced,2386,12
objects,2387,17
headed,2388,84
ladies,2389,190
jews,2393,10
relief,2394,120
papers,2395,81
vast,2397,29
finds,2398,59
feed,2401,72
woods,2402,178
escape,2403,153
ray,2405,105
length,2407,200
bird,2412,300
introduced,2414,31
completed,2418,15
dying,2420,134
enemy,2423,106
kennedy,2424,21
teeth,2431,173
perform,2432,13
eric,2433,188
upset,2434,49
cry,2437,473
stated,2438,10
tim,2439,17
inches,2440,38
perfectly,2442,275
orange,2443,19
wave,2444,53
calm,2446,119
fewer,2451,17
int,2452,14
broad,2453,149
carrying,2454,94
trail,2455,119
upper,2456,82
chose,2457,65
daniel,2458,138
loves,2459,78
wondering,2460,169
paint,2461,51
blow,2462,183
jersey,2464,20
advanced,2466,34
conclusion,2467,20
cream,2468,67
thick,2470,165
chapter,2473,433
ordered,2474,146
promised,2475,299
whenever,2476,124
birds,2478,215
bible,2479,65
rush,2480,70
suffering,2481,64
assistance,2482,17
reasonable,2483,23
duty,2486,158
circle,2487,77
shirt,2488,34
wilson,2489,28
brief,2490,54
reader,2493,18
advance,2494,18
miller,2495,79
command,2498,65
drove,2503,192
discussed,2504,16
frame,2506,34
brand,2508,24
deeply,2509,64
cutting,2511,67
hopes,2512,79
opposed,2514,14
fairly,2515,104
anger,2516,153
critics,2517,12
indicated,2518,10
mess,2519,42
weak,2523,98
bills,2524,30
armed,2525,49
journey,2526,167
fed,2531,82
twenty,2532,277
unable,2534,29
guest,2535,64
tears,2537,416
performed,2538,13
hanging,2539,162
beneath,2540,113
violent,2541,23
asks,2542,35
falls,2543,30
joke,2546,169
appearance,2547,106
jimmy,2548,471
hidden,2549,164
bond,2550,18
hide,2551,193
motion,2552,29
cheese,2553,29
capable,2555,26
appeal,2557,22
affected,2559,25
occur,2560,11
queen,2562,618
chosen,2563,66
struck,2566,266
extreme,2569,21
affairs,2571,105
express,2572,70
laid,2573,356
max,2574,42
wealth,2575,49
poverty,2577,30
engine,2579,16
spiritual,2580,10
ted,2581,104
talent,2582,34
warning,2583,70
partners,2585,11
cooking,2586,63
ages,2587,24
expressed,2588,51
noise,2589,167
jordan,2590,47
raising,2591,23
sleeping,2593,105
soil,2594,22
closely,2595,52
dollar,2596,37
nick,2598,18
re,2599,917
childhood,2600,37
rooms,2602,78
musical,2604,22
notion,2605,65
regardless,2606,15
fail,2607,89
conduct,2609,32
lesson,2612,106
turkey,2615,56
constant,2616,17
jerry,2620,461
claimed,2621,10
arrested,2622,10
plate,2623,50
drawn,2624,82
joint,2625,14
adam,2628,48
joy,2629,318
encourage,2632,11
laughing,2634,439
flowers,2635,345
sending,2637,38
susan,2638,523
pocket,2640,155
prepare,2642,46
bell,2644,252
refused,2645,120
pack,2647,107
lips,2648,252
writes,2650,27
gulf,2651,38
sharp,2652,314
andrew,2654,39
quit,2656,12
sudden,2659,259
accused,2660,18
neighbors,2662,135
beside,2663,375
hat,2664,305
shots,2665,10
orders,2667,104
pushing,2669,27
connected,2670,12
threw,2672,248
regard,2673,45
witness,2674,24
ford,2675,106
shook,2676,300
stepped,2678,146
finger,2679,126
silent,2681,182
loud,2682,152
tone,2688,323
smiled,2689,294
persons,2690,38
sentence,2691,50
taylor,2694,14
cheap,2696,28
tied,2697,133
meetings,2698,25
nervous,2699,63
surely,2700,207
immediate,2701,12
unusual,2702,66
hero,2704,71
drawing,2705,106
breakfast,2707,262
letting,2708,54
bedroom,2710,39
customer,2711,11
spanish,2712,10
joseph,2713,53
sing,2714,212
dressed,2716,203
split,2717,46
explanation,2718,30
bottle,2719,75
mirror,2720,73
studied,2721,41
kiss,2722,153
manage,2723,111
colors,2724,17
atmosphere,2728,38
extended,2730,16
fruit,2731,108
mixed,2732,43
secure,2737,18
bread,2739,207
holiday,2742,35
memories,2744,23
constantly,2745,33
severe,2748,21
mail,2749,39
heaven,2751,237
earned,2753,32
convinced,2754,36
engaged,2760,94
faced,2761,78
practical,2762,27
formed,2763,35
remembered,2765,297
dust,2769,123
hired,2770,85
chain,2773,64
description,2775,24
row,2776,98
pure,2779,95
steel,2780,39
fixed,2781,82
narrative,2782,10
proof,2783,52
goods,2784,24
kick,2785,45
incident,2786,15
prefer,2787,35
entertainment,2789,10
recall,2790,17
improved,2791,37
pink,2793,152
enjoyed,2795,140
dick,2799,699
elsewhere,2800,42
represented,2801,15
waited,2802,250
dave,2803,23
blind,2804,119
argued,2805,31
carter,2810,28
follows,2811,17
eggs,2814,219
staying,2815,42
begun,2816,123
howard,2817,20
weapon,2818,12
principle,2820,18
stronger,2822,75
destroyed,2824,24
minds,2826,56
sought,2828,68
judgment,2830,71
owned,2833,35
crying,2838,273
resolution,2839,23
innocent,2840,116
trained,2842,29
fifth,2844,27
depends,2845,30
posts,2848,13
strongly,2849,31
destroy,2853,28
disaster,2854,11
co,2857,14
billy,2858,771
rarely,2859,12
enormous,2860,34
returns,2861,14
valuable,2862,24
volume,2863,20
iron,2864,148
shoulders,2865,147
laughed,2867,669
channel,2868,17
academy,2874,26
principal,2875,12
wet,2876,132
ill,2877,267
platform,2880,51
junior,2882,17
invited,2883,105
elizabeth,2885,69
messages,2887,19
narrow,2888,99
lessons,2891,98
harm,2892,217
tip,2896,60
ticket,2897,26
wondered,2899,216
dirty,2900,69
shock,2908,67
retired,2909,46
signal,2910,25
wore,2911,204
mountains,2912,44
loose,2914,78
equally,2915,29
prince,2916,984
height,2919,25
jane,2922,349
farmers,2923,18
landscape,2924,21
nodded,2926,122
babies,2927,135
rid,2931,81
speaker,2933,14
suffered,2934,78
mothers,2935,64
attend,2936,75
ear,2937,191
fishing,2938,125
breast,2940,116
defend,2941,21
dramatic,2946,20
attempts,2947,12
perceived,2948,33
barbara,2951,11
directed,2952,16
deliver,2954,32
proposal,2955,29
smoking,2956,31
locked,2959,101
voices,2960,111
desert,2961,49
roof,2963,133
driven,2964,87
fought,2966,80
arguments,2967,20
formal,2970,10
roger,2971,174
tie,2979,82
pulling,2980,74
grab,2982,10
nights,2983,117
approved,2985,14
guests,2988,93
solve,2989,15
inspired,2990,27
moreover,2991,58
ordinary,2992,41
sand,2995,123
cable,2996,10
ending,2997,22
yard,2998,187
fiction,2999,10
grass,3000,279
passion,3001,64
visitors,3002,30
helpful,3004,15
jason,3007,50
adopted,3009,26
experiment,3013,36
nurse,3019,126
walks,3022,40
seats,3023,25
ears,3024,303
comfort,3025,249
meal,3029,122
collected,3031,23
odd,3032,125
confirmed,3033,11
personality,3034,21
delivered,3035,29
settled,3038,185
burning,3041,113
fallen,3043,181
clark,3045,51
knife,3048,111
avenue,3049,31
rolling,3050,64
exact,3053,20
profit,3056,18
loan,3057,13
exciting,3058,60
gap,3059,23
wanting,3060,40
navy,3062,16
lovely,3063,417
lets,3065,27
properly,3066,74
asia,3072,17
informed,3079,31
pat,3080,80
visible,3081,49
chances,3082,25
heavily,3083,54
crash,3084,27
touched,3085,178
serves,3086,23
deserve,3087,52
latter,3088,94
hurry,3090,251
butter,3091,73
lewis,3092,22
bone,3093,57
receiving,3094,21
independence,3096,11
controlled,3101,10
intense,3104,26
ideal,3105,29
entry,3106,22
italian,3107,15
anderson,3108,24
plain,3109,243
counter,3111,13
commander,3113,13
hung,3115,220
burn,3116,65
closing,3120,19
worker,3124,18
pepper,3128,13
tries,3134,30
proved,3138,77
nowhere,3139,71
lincoln,3140,19
shame,3141,122
hungry,3143,271
reserve,3147,16
shadow,3150,337
checked,3152,25
aspect,3153,36
granted,3154,39
bags,3155,32
ridiculous,3158,67
coat,3159,293
festival,3160,15
hunt,3161,170
sensitive,3163,32
simon,3164,35
cloud,3168,112
scenes,3169,16
roughly,3171,19
bruce,3173,42
reputation,3175,35
responded,3176,40
sits,3178,35
switch,3179,15
bye,3181,108
unknown,3182,44
mystery,3185,93
opens,3186,24
britain,3187,18
awful,3189,305
wins,3191,11
cake,3194,186
kim,3196,490
sons,3197,116
lisa,3198,15
repeat,3199,29
drunk,3200,60
inner,3202,27
darkness,3203,149
bureau,3206,14
pride,3208,165
royal,3209,110
stomach,3210,130
discovery,3211,39
waves,3216,72
seasons,3218,19
approval,3219,16
portion,3221,30
destruction,3222,17
threatened,3224,22
dancing,3225,118
hills,3226,201
opinions,3227,19
prayer,3228,116
smooth,3229,83
lift,3234,68
absence,3236,51
friendly,3237,125
allen,3239,29
suffer,3240,80
rough,3241,122
contain,3242,14
raw,3243,24
launched,3244,14
skill,3246,58
visited,3247,56
horrible,3249,88
christians,3250,12
obtained,3252,16
declared,3253,186
latin,3254,31
repeated,3256,113
mood,3260,52
returning,3261,49
gentlemen,3262,93
swing,3263,23
liberty,3264,38
pace,3266,40
studying,3267,55
button,3268,23
denied,3270,27
pan,3271,83
compare,3272,13
anxiety,3274,45
referred,3275,13
naturally,3276,66
emphasis,3279,17
hopefully,3280,18
deeper,3282,38
throat,3283,138
forgotten,3284,327
combat,3286,12
angel,3288,53
sisters,3290,140
sake,3291,238
spoken,3292,163
blocks,3293,10
apparent,3294,14
brilliant,3295,70
knees,3296,150
stephen,3297,161
profile,3298,12
honestly,3300,44
saving,3302,29
admitted,3305,110
hunting,3306,227
nancy,3308,66
wisdom,3310,76
marry,3313,474
throwing,3314,78
divided,3315,30
column,3316,15
stretch,3317,45
bears,3319,26
amy,3320,393
struggling,3326,30
reaching,3327,26
sauce,3328,18
waters,3330,69
picking,3331,53
precisely,3335,21
passage,3336,41
alan,3337,368
illness,3339,25
curious,3340,150
plot,3341,45
hoped,3342,145
sighs,3343,13
passes,3344,22
bones,3345,141
examine,3346,34
improvement,3349,27
corn,3350,138
gathered,3353,122
juice,3354,13
grandmother,3355,147
confused,3356,33
pot,3359,76
sandy,3363,37
clock,3364,204
household,3365,55
harris,3367,12
occasionally,3370,38
hitting,3371,15
mistakes,3372,44
chocolate,3378,19
bobby,3379,123
speaks,3381,28
cap,3382,165
egg,3383,158
traveling,3385,14
foster,3388,35
riding,3390,69
empire,3394,13
laughter,3398,172
egypt,3401,15
assumed,3403,23
rescue,3405,40
marked,3406,43
surprising,3407,29
deaths,3411,10
terror,3412,90
kate,3415,136
anthony,3416,43
thrown,3418,104
addressed,3419,41
forgot,3420,325
fred,3421,82
stable,3423,82
regularly,3424,30
cups,3428,20
roads,3430,48
roman,3431,25
gate,3432,324
staring,3433,102
covering,3434,15
tracks,3438,61
canadian,3440,22
earn,3442,62
clothing,3443,11
lifetime,3447,16
generations,3450,18
testimony,3451,10
discover,3453,59
load,3454,45
phil,3455,148
branch,3456,104
attended,3458,36
eve,3461,41
absolute,3470,10
sheet,3472,38
jacket,3474,25
fig,3476,10
danny,3481,319
warming,3482,10
flag,3484,38
sin,3485,53
screaming,3487,48
difficulty,3489,58
pray,3492,169
rapidly,3493,54
ross,3494,17
lock,3499,64
vacation,3500,64
burned,3501,109
dirt,3503,23
asleep,3504,342
fort,3505,10
bother,3506,78
prize,3507,57
extraordinary,3508,25
painted,3509,82
breathing,3510,27
threats,3511,10
recommend,3512,11
buried,3513,130
roots,3515,72
creek,3519,26
port,3520,16
soldier,3521,62
pointing,3522,66
encouraged,3523,17
keys,3525,18
bars,3526,28
dozens,3529,15
hire,3530,15
thirty,3531,99
searching,3532,19
disappeared,3533,181
attacked,3537,10
exception,3538,11
breaks,3542,17
moore,3543,85
supplies,3544,12
belt,3545,57
examined,3550,39
wheel,3551,58
mile,3554,61
wing,3556,60
horses,3557,203
rocks,3559,114
steady,3561,68
weekly,3563,16
nevertheless,3564,78
wash,3567,96
burden,3568,51
stream,3569,102
marks,3570,33
differently,3572,18
knee,3573,67
bound,3576,202
chase,3578,47
mixture,3579,17
covers,3581,11
associate,3582,16
rolled,3584,163
jay,3586,290
rachel,3588,229
shake,3589,104
jumped,3590,195
quietly,3591,199
emerged,3594,16
attached,3596,23
remind,3597,32
kingdom,3598,112
sounded,3599,145
gained,3600,32
presents,3601,39
edward,3602,52
gallery,3604,18
injured,3605,28
flash,3607,95
beings,3610,25
wise,3611,235
laughs,3613,27
shortly,3614,47
ugly,3615,198
root,3616,29
walter,3617,334
stared,3618,164
remarkable,3620,41
protest,3621,29
naked,3622,36
sufficient,3625,19
tower,3627,73
counsel,3628,54
visiting,3632,33
declined,3641,16
introduction,3644,11
holes,3645,52
neighbor,3646,46
handed,3649,85
indians,3650,22
fate,3651,112
dialogue,3653,16
ma,3654,262
impression,3656,51
ate,3658,182
crossed,3659,86
attractive,3660,11
fool,3661,221
remote,3663,20
crack,3664,44
newly,3665,23
silly,3666,146
glasses,3667,32
odds,3668,23
hearts,3669,147
barry,3670,124
italy,3672,10
wolf,3674,143
emotions,3677,15
iii,3679,26
humor,3680,31
moderate,3686,10
badly,3687,113
mere,3690,114
literary,3691,16
concluded,3692,111
pitch,3693,35
hiding,3695,159
desperate,3697,52
distant,3698,62
settle,3701,89
tasks,3704,17
conversations,3705,11
muscle,3708,15
surrounded,3709,50
frozen,3710,37
warned,3712,73
loving,3714,89
movements,3715,10
lifted,3717,215
temple,3726,52
stairs,3732,119
johnny,3733,386
pleased,3734,306
newspapers,3735,19
affair,3739,117
tables,3742,13
gang,3743,14
trick,3744,95
contained,3747,34
smiling,3748,475
employed,3753,20
permission,3754,48
boots,3757,93
mount,3760,43
romantic,3763,111
poetry,3765,77
payment,3770,15
convince,3772,20
reminded,3773,35
directions,3774,50
decent,3775,58
superior,3776,23
belong,3778,82
settlement,3779,20
wooden,3780,50
drives,3781,10
uniform,3784,16
centuries,3785,13
arrive,3787,22
concerning,3789,30
dawn,3791,112
frankly,3793,43
singer,3797,19
factory,3799,15
lieutenant,3800,14
wire,3804,48
instant,3805,166
ships,3806,61
attempted,3807,18
ease,3811,52
daughters,3813,73
anna,3815,64
hence,3816,23
deny,3817,36
establishment,3818,13
collect,3819,22
stolen,3821,80
rent,3822,28
concert,3823,65
fancy,3825,267
preparing,3827,31
painful,3828,33
nursing,3830,11
enemies,3832,62
ambassador,3833,29
tongue,3834,287
lane,3835,191
grounds,3836,28
courage,3838,153
bonds,3839,10
boxes,3840,27
allies,3841,11
laura,3846,25
consideration,3849,11
flesh,3850,48
rejected,3851,12
successfully,3852,11
knock,3854,49
cousin,3858,341
intent,3860,24
rob,3863,99
relation,3867,17
happiness,3868,171
discipline,3869,10
scholars,3878,17
ceiling,3881,22
races,3882,14
tommy,3883,275
matthew,3884,258
producing,3886,12
shower,3887,36
palm,3888,26
morgan,3890,90
furniture,3891,45
imagined,3892,51
beating,3893,71
expecting,3894,72
monster,3895,62
grateful,3898,111
greek,3899,26
warren,3901,28
fifty,3902,98
balls,3904,16
packed,3906,41
spots,3907,46
tremendous,3908,40
aim,3909,24
significance,3911,15
wealthy,3915,23
gifts,3919,54
imagination,3920,90
vegetables,3921,16
baker,3922,35
wound,3926,71
lately,3927,67
entering,3930,27
funeral,3937,67
grandfather,3940,736
fears,3941,28
fame,3942,27
fortune,3944,121
bite,3947,76
landing,3949,34
amazon,3952,12
tale,3955,186
promises,3956,18
contrary,3959,37
pursue,3961,13
forgive,3964,217
satisfaction,3965,120
listened,3966,274
strip,3969,19
carl,3970,111
succeed,3973,47
sorts,3974,88
enterprise,3975,35
mortgage,3977,13
shore,3979,423
whoever,3981,64
gates,3982,64
preparation,3984,11
engagement,3986,29
hunter,3987,207
pressed,3989,56
obtain,3991,10
gordon,3992,106
duke,3993,47
nuts,3995,104
partly,3996,36
disappointed,3998,115
wrapped,4001,61
delay,4002,38
deck,4004,49
string,4006,55
hated,4008,156
gather,4010,55
wings,4013,184
chamber,4014,100
consciousness,4015,35
coal,4016,21
scope,4019,14
gently,4024,164
steal,4026,107
overcome,4029,46
kicked,4032,41
clouds,4034,78
priest,4035,119
twelve,4040,164
instrument,4041,13
candy,4042,21
instructions,4043,16
punishment,4047,77
fifteen,4048,112
intelligent,4053,18
distinct,4055,15
tragedy,4056,33
insisted,4058,72
rapid,4064,13
springs,4068,18
mutual,4073,20
dish,4082,36
shelter,4084,57
liquid,4088,11
bench,4089,56
handful,4091,40
couch,4092,15
russell,4096,16
cleaning,4098,29
discussing,4099,14
entrance,4100,62
disorder,4102,12
salary,4105,22
dates,4108,30
swear,4111,62
ken,4115,63
reflected,4120,67
refer,4122,10
arthur,4124,37
breathe,4126,28
drinks,4127,12
seed,4128,37
fence,4134,118
homeless,4136,10
uncomfortable,4138,93
stewart,4139,25
en,4140,16
dining,4141,45
gathering,4142,44
oven,4145,49
devil,4149,98
shell,4150,63
encounter,4155,12
ghost,4156,132
alice,4157,390
trials,4158,25
investigate,4160,14
shocked,4161,43
climb,4162,108
leather,4163,35
considerable,4170,26
approached,4171,46
visits,4173,31
sacrifice,4180,43
seeds,4181,30
dumb,4183,49
pretend,4185,63
lands,4187,49
hook,4190,162
observation,4191,11
introduce,4192,26
greatly,4193,81
preferred,4195,29
midnight,4202,70
rear,4204,32
refuse,4207,75
bloody,4208,11
upstairs,4210,128
frequent,4211,29
perry,4212,15
elderly,4214,20
deer,4216,132
maria,4219,50
trash,4220,12
sooner,4222,171
christopher,4225,54
swimming,4226,67
chart,4228,15
giants,4230,40
wallace,4233,21
chuck,4234,339
failing,4237,15
stake,4240,32
idiot,4242,29
horror,4245,108
leaned,4247,101
ruled,4248,37
relatives,4249,49
ward,4250,41
fathers,4252,20
embrace,4255,17
adams,4257,14
slide,4259,50
accomplished,4262,30
sweat,4263,12
pale,4265,334
alexander,4268,62
robin,4270,35
stir,4271,59
brush,4273,68
sink,4275,25
pet,4277,75
secrets,4279,42
shaking,4280,120
reliable,4284,11
cares,4285,35
striking,4288,39
briefly,4293,24
genius,4294,39
owe,4296,46
craft,4298,18
soup,4299,38
chairs,4301,29
guards,4302,37
profession,4303,14
confusion,4305,35
existed,4306,14
backed,4307,35
devoted,4308,45
stem,4310,19
choosing,4311,20
explaining,4314,13
filling,4315,35
landed,4319,58
impressed,4320,40
towns,4322,10
guidance,4323,10
islands,4324,12
stranger,4328,314
ceremony,4329,41
pie,4332,61
adventure,4333,86
depend,4334,53
sacred,4335,54
grave,4338,189
friendship,4342,101
tobacco,4343,39
slept,4344,177
pa,4348,88
precious,4351,121
sixth,4356,16
murdered,4359,22
bin,4360,26
wherever,4361,67
rings,4363,40
expense,4364,13
dig,4366,58
olive,4368,19
traveled,4369,19
scandal,4370,14
occasion,4371,73
reply,4372,154
scheme,4373,30
thread,4374,39
spin,4376,36
preserve,4380,17
gradually,4384,36
cents,4386,35
flew,4388,444
saint,4389,33
actress,4392,13
meals,4394,47
racing,4395,22
wounded,4398,53
drops,4400,48
charity,4409,40
reads,4411,13
beans,4412,22
yo,4413,134
separated,4417,24
stopping,4418,61
acquired,4421,27
eager,4424,117
counting,4425,36
sue,4426,21
suspected,4430,68
inch,4431,40
globe,4435,11
emily,4437,85
cotton,4438,44
parker,4440,21
possibilities,4441,12
mac,4443,51
tail,4444,433
difficulties,4447,25
satisfied,4449,182
threatening,4453,14
bull,4457,108
lawrence,4458,56
maps,4460,10
dishes,4462,93
panic,4464,23
ours,4465,76
abroad,4469,73
charlotte,4471,107
slip,4472,91
chronic,4473,12
pile,4474,125
fascinating,4476,36
knocked,4477,115
slipped,4479,218
permit,4480,25
beef,4481,12
reflection,4482,48
boards,4484,25
mitchell,4485,27
prisoners,4488,21
dare,4489,284
blew,4490,117
lowest,4495,12
dropping,4499,51
helen,4500,136
thanksgiving,4505,30
margaret,4510,174
colonel,4511,69
appointed,4513,38
bullet,4517,14
glory,4518,66
princess,4519,684
woke,4521,108
feeding,4526,32
unexpected,4527,50
rome,4528,47
poem,4530,34
annie,4536,56
bent,4538,140
flood,4539,27
intention,4540,42
consent,4542,66
gaze,4546,44
yield,4548,24
symbol,4549,10
examination,4551,26
cabinet,4552,11
robinson,4555,28
clay,4556,41
physician,4558,20
exhibition,4559,18
inspiration,4560,31
oldest,4561,55
closet,4563,53
marshall,4565,119
shadows,4566,158
brave,4567,202
acknowledged,4570,21
loaded,4571,31
modest,4572,23
pays,4573,16
encouraging,4574,13
carries,4575,21
lit,4577,53
worlds,4581,14
bare,4582,125
doc,4583,10
roy,4584,49
creature,4585,277
winds,4588,150
overseas,4594,14
healing,4596,19
creatures,4597,121
powder,4599,31
goodbye,4602,21
jesse,4605,37
rev,4606,19
cooper,4610,15
borders,4613,10
deadly,4619,27
drag,4622,34
cliff,4623,22
apologize,4624,13
spare,4628,137
stroke,4633,41
bid,4636,76
cure,4637,68
resolve,4638,13
log,4642,96
celebration,4645,10
judy,4648,14
genuine,4649,20
intensity,4650,16
suits,4654,40
tear,4655,96
theatre,4658,14
habit,4660,115
potatoes,4663,40
slight,4664,57
alongside,4665,12
turner,4667,16
gods,4670,93
cats,4673,121
wright,4674,28
lemon,4676,11
carol,4677,27
harbor,4678,101
sheets,4679,26
announcement,4680,14
practically,4683,21
trace,4684,48
porch,4686,73
enjoying,4687,82
underground,4688,18
praise,4690,45
rank,4692,25
stole,4694,125
peoples,4696,10
piano,4699,29
endless,4700,15
buck,4701,16
worn,4703,124
chips,4704,22
promising,4705,29
venture,4706,39
composition,4712,17
containing,4716,14
lonely,4717,206
reward,4719,103
explosion,4725,14
smiles,4728,34
bitter,4729,169
attending,4732,20
horizon,4734,22
peaceful,4735,38
mouse,4737,355
jean,4738,46
pen,4744,77
amber,4747,18
lean,4749,39
crystal,4750,41
cleared,4756,70
douglas,4757,127
slave,4758,59
arrival,4759,36
artistic,4761,14
stones,4762,144
invisible,4766,29
prospect,4767,72
wages,4769,23
recalled,4781,37
subtle,4783,14
toys,4789,19
pause,4791,69
excitement,4792,164
possession,4793,72
burst,4795,163
circles,4797,13
traditions,4798,17
twin,4803,60
ronald,4805,13
baking,4808,19
habits,4811,30
shed,4812,85
emotion,4813,29
transformation,4814,16
gravity,4818,10
heroes,4819,23
branches,4822,81
meets,4823,18
glanced,4824,84
victor,4825,37
evident,4832,45
fires,4834,25
angels,4835,26
spell,4836,118
invite,4842,42
mate,4845,59
purple,4849,133
punch,4851,10
relate,4852,16
attracted,4853,24
lawn,4855,61
farther,4856,147
crossing,4857,35
jokes,4858,32
occasional,4859,22
flavor,4860,11
scholarship,4872,14
cabin,4874,33
worthy,4875,65
alarm,4877,53
wishes,4878,101
remarks,4879,44
resist,4881,39
jacob,4885,68
joins,4887,13
bow,4890,138
flower,4892,164
attract,4893,12
plates,4897,26
dispute,4900,15
classical,4903,10
disappear,4906,30
complain,4908,48
desired,4909,60
miracle,4910,42
privilege,4912,17
struggled,4913,39
anchor,4915,24
regarded,4917,29
sum,4918,22
reminds,4920,33
pound,4921,20
regret,4922,56
printed,4923,27
sergeant,4924,13
campbell,4925,79
whispered,4928,343
noon,4929,60
tap,4930,18
generous,4935,39
handled,4937,11
pleasant,4939,346
crown,4940,89
shops,4941,12
cruise,4944,11
insane,4947,10
jamie,4951,15
tune,4952,24
sword,4953,254
firing,4955,11
adopt,4956,13
wrap,4957,10
mathematics,4961,14
handsome,4962,303
rivers,4968,17
deserves,4977,29
conscious,4979,52
divide,4980,17
collins,4981,16
touching,4982,47
gentle,4990,153
demanded,4994,97
beast,4995,115
lucy,4996,53
tag,5000,13
observe,5001,24
martha,5005,82
wider,5006,13
caring,5010,21
backs,5011,41
goodness,5012,86
parliament,5013,10
clue,5014,10
burns,5016,11
provisions,5018,11
dried,5021,51
toilet,5024,14
suggestion,5028,29
jose,5029,13
approaching,5032,45
hers,5033,143
legend,5035,16
addressing,5037,27
duties,5040,38
wheels,5041,35
awake,5047,118
bits,5050,60
